{
  "format_version": "1.12.0",
  "minecraft:geometry": [
    {
      "description": {
        "identifier": "geometry.peridot_helmet",
        "texture_width": 64,
        "texture_height": 64,
        "visible_bounds_width": 3,
        "visible_bounds_height": 3.5,
        "visible_bounds_offset": [0, 1.25, 0]
      },
      "bones": [
        {
          "name": "head",
          "pivot": [0, 24, 0],
          "cubes": [
            {
              "origin": [-4.34741, 26.96458, -2.46177],
              "size": [0, 9, 14],
              "pivot": [-5.34741, -8.93542, 0.53823],
              "rotation": [2.1056, -23.9996, -2.3808],
              "uv": {
                "north": {
                  "uv": [25, 32],
                  "uv_size": [-1, 2]
                },
                "east": {
                  "uv": [51, 55],
                  "uv_size": [-14, 9]
                },
                "south": {
                  "uv": [25, 32],
                  "uv_size": [-1, 2]
                },
                "west": {
                  "uv": [25, 32],
                  "uv_size": [-1, 2]
                },
                "up": {
                  "uv": [24, 34],
                  "uv_size": [1, -2]
                },
                "down": {
                  "uv": [24, 34],
                  "uv_size": [1, -2]
                }
              }
            },
            {
              "origin": [-5.34741, 27.06458, -2.46177],
              "size": [1, 4, 4],
              "pivot": [-5.34741, -8.93542, 0.53823],
              "rotation": [2.1056, -23.9996, -2.3808],
              "uv": [0, 56],
              "mirror": true
            },
            {
              "origin": [-5.76361, 27.71862, -6.00005],
              "size": [1, 2, 2],
              "pivot": [-14.26361, 16.71862, -4.00005],
              "rotation": [2.1056, -23.9996, -2.3808],
              "uv": [0, 0]
            },
            {
              "origin": [4.34741, 26.96458, -2.46177],
              "size": [0, 9, 14],
              "pivot": [5.34741, -8.93542, 0.53823],
              "rotation": [2.1056, 23.9996, 2.3808],
              "uv": {
                "north": {
                  "uv": [24, 32],
                  "uv_size": [1, 2]
                },
                "east": {
                  "uv": [24, 32],
                  "uv_size": [1, 2]
                },
                "south": {
                  "uv": [24, 32],
                  "uv_size": [1, 2]
                },
                "west": {
                  "uv": [37, 55],
                  "uv_size": [14, 9]
                },
                "up": {
                  "uv": [25, 34],
                  "uv_size": [-1, -2]
                },
                "down": {
                  "uv": [25, 34],
                  "uv_size": [-1, -2]
                }
              }
            },
            {
              "origin": [4.34741, 27.06458, -2.46177],
              "size": [1, 4, 4],
              "pivot": [5.34741, -8.93542, 0.53823],
              "rotation": [2.1056, 23.9996, 2.3808],
              "uv": [0, 56]
            },
            {
              "origin": [4.76361, 27.71862, -6.00005],
              "size": [1, 2, 2],
              "pivot": [14.26361, 16.71862, -4.00005],
              "rotation": [2.1056, 23.9996, 2.3808],
              "uv": [0, 0],
              "mirror": true
            },
            {
              "origin": [-0.98934, 30.01985, -24],
              "size": [1, 2, 2],
              "inflate": -0.1,
              "pivot": [9.01066, 40.01985, -14],
              "rotation": [0, 90, 0],
              "uv": [0, 0],
              "mirror": true
            },
            {
              "origin": [-4, 24, -4],
              "size": [8, 8, 8],
              "inflate": 0.4,
              "uv": [0, 16]
            }
          ]
        }
      ]
    }
  ]
}
